ros_timestamp_ns,wall_time,trajectory_mode,meas_x,meas_y,meas_z,is_tracked,pred_x,pred_y,pred_z,mae_x,mae_y,mae_z,inference_ms,buffer_size,robot_ee_x,robot_ee_y,robot_ee_z,j1_vel,j2_vel,j3_vel,j4_vel,j5_vel,j6_vel,j1_eff,j2_eff,j3_eff,j4_eff,j5_eff,j6_eff
1781260484229499383,2026-06-12T17:34:44.229552,prediction,0.162952,-0.139000,0.039347,True,0.142504,-0.031522,0.056194,0.020448,0.107478,0.016847,12.48,20,-0.161989,0.280052,0.378520,0.000000,0.000000,0.000000,0.000000,0.000000,0.000000,-0.003920,-0.155260,0.059179,-0.024160,0.022656,-0.008480
1781260484315119712,2026-06-12T17:34:44.315144,prediction,0.160480,-0.113000,0.040000,True,0.134504,-0.031817,0.056763,0.025976,0.081183,0.016762,9.17,20,-0.161985,0.280057,0.378522,0.000000,0.000000,0.000000,0.000000,0.000000,0.000000,-0.003920,-0.155260,0.059179,-0.024160,0.022656,-0.008480
1781260484359957210,2026-06-12T17:34:44.359982,prediction,0.158864,-0.096000,0.040428,True,0.132164,-0.028654,0.058969,0.026700,0.067346,0.018541,10.52,20,-0.161985,0.280057,0.378522,0.000000,0.000000,0.000000,0.000000,0.000000,0.000000,-0.003920,-0.155260,0.059179,-0.024160,0.022656,-0.008480
1781260484435052537,2026-06-12T17:34:44.435098,prediction,0.160480,-0.113000,0.040000,True,0.136098,-0.029523,0.060924,0.024383,0.083477,0.020923,10.87,20,-0.161985,0.280057,0.378522,0.000000,0.000000,0.000000,0.000000,0.000000,0.000000,-0.004620,-0.155260,0.058017,-0.024160,0.023040,-0.009024
1781260484516969388,2026-06-12T17:34:44.516997,prediction,0.160480,-0.113000,0.040000,True,0.135376,-0.030218,0.060080,0.025104,0.082781,0.020080,10.72,20,-0.161985,0.280057,0.378522,0.000000,0.000000,0.000000,0.000000,0.000000,0.000000,-0.004620,-0.155260,0.059179,-0.024160,0.022944,-0.009632
1781260484587811841,2026-06-12T17:34:44.587843,prediction,0.159720,-0.105000,0.040202,True,0.136861,-0.029175,0.059954,0.022858,0.075825,0.019753,23.40,20,-0.161985,0.280057,0.378522,0.000000,0.000000,0.000000,0.000000,0.000000,0.000000,-0.004620,-0.155260,0.059179,-0.024160,0.022944,-0.009632
1781260484632459368,2026-06-12T17:34:44.632488,prediction,0.158864,-0.096000,0.040428,True,0.138079,-0.026540,0.059744,0.020785,0.069460,0.019316,14.04,20,-0.161985,0.280057,0.378522,0.000000,0.000000,0.000000,0.000000,0.000000,0.000000,-0.004620,-0.155260,0.059179,-0.024160,0.022944,-0.009632
1781260484695799496,2026-06-12T17:34:44.695829,prediction,0.157343,-0.080000,0.040830,True,0.140370,-0.021232,0.059228,0.016973,0.058768,0.018398,7.62,20,-0.161985,0.280057,0.378522,0.000000,0.000000,0.000000,0.000000,0.000000,0.000000,-0.003920,-0.155260,0.061088,-0.024448,0.022432,-0.008032
1781260484782566566,2026-06-12T17:34:44.782604,prediction,0.160480,-0.113000,0.043756,True,0.145838,-0.023585,0.059792,0.014642,0.089414,0.016036,6.96,20,-0.161985,0.280057,0.378522,0.000000,0.000000,0.000000,0.000000,0.000000,0.000000,-0.003920,-0.155260,0.061088,-0.024448,0.022432,-0.008032
1781260484832563264,2026-06-12T17:34:44.832591,prediction,0.158864,-0.096000,0.051611,True,0.141179,-0.022068,0.061805,0.017685,0.073932,0.010193,5.50,20,-0.161985,0.280057,0.378522,0.000000,0.000000,0.000000,0.000000,0.000000,0.000000,-0.003920,-0.155260,0.060175,-0.024448,0.022432,-0.007424
1781260484876789284,2026-06-12T17:34:44.876818,prediction,0.158864,-0.096000,0.055339,True,0.140742,-0.020855,0.064635,0.018122,0.075145,0.009295,6.14,20,-0.161985,0.280057,0.378522,0.000000,0.000000,0.000000,0.005670,0.005670,0.013517,0.039620,-0.224420,0.067064,0.017984,0.074976,-0.038624
1781260484926845684,2026-06-12T17:34:44.926871,prediction,0.158103,-0.088000,0.059203,True,0.142207,-0.018284,0.067720,0.015897,0.069716,0.008518,10.41,20,-0.161985,0.280057,0.378522,0.000000,0.000000,0.000000,0.005670,0.005670,0.013517,0.039620,-0.224420,0.067064,0.017984,0.074976,-0.038624
1781260484974109250,2026-06-12T17:34:44.974133,prediction,0.158864,-0.096000,0.059067,True,0.144655,-0.017827,0.068687,0.014209,0.078173,0.009620,7.68,20,-0.161985,0.280057,0.378522,0.000000,0.000000,0.000000,0.005670,0.005670,0.013517,0.039620,-0.224420,0.067064,0.017984,0.074976,-0.038624
1781260485028056779,2026-06-12T17:34:45.028077,prediction,0.157343,-0.080000,0.059338,True,0.143196,-0.014262,0.069320,0.014147,0.065738,0.009982,8.88,20,-0.161985,0.280057,0.378522,0.000000,0.000000,0.000000,0.005228,0.021375,0.010898,0.053620,-0.243040,0.068641,0.026496,0.044544,-0.036960
1781260485115200429,2026-06-12T17:34:45.115225,prediction,0.159720,-0.105000,0.066400,True,0.145503,-0.016409,0.074753,0.014217,0.088591,0.008352,16.83,20,-0.161985,0.280057,0.378522,0.003489,0.003051,0.000000,0.016137,0.018756,0.018756,0.089460,-0.253820,0.138776,0.007968,0.041632,-0.036864
1781260485156904847,2026-06-12T17:34:45.156930,prediction,0.155727,-0.063000,0.070647,True,0.139161,-0.009727,0.077462,0.016566,0.053273,0.006815,6.88,20,-0.161985,0.280057,0.378522,0.003489,0.003051,0.000000,0.016137,0.018756,0.018756,0.089460,-0.253820,0.138776,0.007968,0.041632,-0.036864
1781260485212418458,2026-06-12T17:34:45.212443,prediction,0.155727,-0.063000,0.070647,True,0.137532,-0.004382,0.079496,0.018195,0.058618,0.008849,5.36,20,-0.161985,0.280057,0.378522,0.003489,0.003051,0.000000,0.016137,0.018756,0.018756,0.089460,-0.253820,0.138776,0.007968,0.041632,-0.036864
1781260485260145520,2026-06-12T17:34:45.260170,prediction,0.156487,-0.071000,0.074238,True,0.138971,-0.001706,0.084009,0.017516,0.069295,0.009772,6.84,20,-0.161985,0.280057,0.378522,0.003489,0.003051,0.000000,0.016137,0.018756,0.018756,0.089460,-0.253820,0.138776,0.007968,0.041632,-0.036864
1781260485314854890,2026-06-12T17:34:45.314900,prediction,0.156487,-0.071000,0.074238,True,0.137773,0.000436,0.084773,0.018714,0.071436,0.010536,5.51,20,-0.161985,0.280057,0.378522,0.003489,0.003051,0.000000,0.016137,0.018756,0.018756,0.089460,-0.253820,0.138776,0.007968,0.041632,-0.036864
1781260485370630165,2026-06-12T17:34:45.370647,prediction,0.156487,-0.071000,0.074238,True,0.139493,0.002148,0.086349,0.016994,0.073149,0.012112,5.96,20,-0.160473,0.281569,0.380035,0.001744,0.001744,0.001740,0.005670,0.010898,0.008289,0.085120,-0.258160,0.203101,0.006848,0.038912,-0.033024
1781260485419955122,2026-06-12T17:34:45.419978,prediction,0.156487,-0.071000,0.077924,True,0.141342,0.003519,0.089658,0.015145,0.074519,0.011733,6.31,20,-0.161985,0.280057,0.378522,0.000000,0.000000,0.000000,0.000000,0.000000,0.000000,0.075880,-0.239820,0.160107,-0.000288,0.027456,-0.021824
1781260485458234225,2026-06-12T17:34:45.458261,prediction,0.156487,-0.071000,0.077924,True,0.144182,0.004615,0.090006,0.012306,0.075615,0.012082,7.62,20,-0.161985,0.280057,0.378522,0.000000,0.000000,0.000000,0.000000,0.000000,0.000000,0.075880,-0.239820,0.160107,-0.000288,0.027456,-0.021824
1781260485505372144,2026-06-12T17:34:45.505396,prediction,0.150563,-0.047000,0.081781,True,0.140158,0.010292,0.093221,0.010405,0.057292,0.011440,5.71,20,-0.161031,0.281502,0.379968,0.000000,0.000000,0.000000,0.000000,0.000000,0.000000,0.075880,-0.239820,0.160107,-0.000288,0.027456,-0.021824
1781260485545708979,2026-06-12T17:34:45.545733,prediction,0.149816,-0.039000,0.085472,True,0.141666,0.016434,0.097960,0.008149,0.055434,0.012489,5.52,20,-0.159824,0.284897,0.381971,0.000000,0.000000,0.000000,0.000000,0.000000,0.000000,0.069720,-0.230580,0.138776,-0.004416,0.020704,-0.017440
1781260485612998027,2026-06-12T17:34:45.613020,prediction,0.145452,-0.031000,0.085515,True,0.139685,0.022947,0.098643,0.005767,0.053947,0.013128,6.33,20,-0.158326,0.291548,0.384596,0.000000,0.000000,0.000000,0.000000,0.000000,0.002609,0.064400,-0.222460,0.126575,-0.006688,0.018144,-0.016256
1781260485645184980,2026-06-12T17:34:45.645209,prediction,0.146187,-0.039000,0.089106,True,0.140233,0.026155,0.102703,0.005953,0.065155,0.013598,5.30,20,-0.158326,0.291548,0.384596,0.000000,0.000000,0.000000,0.000000,0.000000,0.002609,0.064400,-0.222460,0.126575,-0.006688,0.018144,-0.016256
1781260485690018517,2026-06-12T17:34:45.690039,prediction,0.146187,-0.039000,0.092740,True,0.137746,0.029124,0.105568,0.008440,0.068124,0.012828,5.82,20,-0.157109,0.298565,0.386989,0.000000,0.000000,0.000000,0.000000,0.000000,0.002609,0.064400,-0.222460,0.126575,-0.006688,0.018144,-0.016256
1781260485735308604,2026-06-12T17:34:45.735328,prediction,0.146187,-0.039000,0.092740,True,0.137024,0.031499,0.105784,0.009163,0.070499,0.013044,5.14,20,-0.155761,0.307905,0.390027,0.000000,0.000000,0.000000,0.003051,0.002609,0.008289,0.001540,-0.140980,0.096363,-0.062336,-0.046752,0.025280
1781260485772957321,2026-06-12T17:34:45.772979,prediction,0.144075,-0.016000,0.092789,True,0.135826,0.038000,0.105432,0.008249,0.054000,0.012643,5.23,20,-0.155761,0.307905,0.390027,0.000000,0.000000,0.000000,0.013086,0.016137,0.013086,-0.029120,-0.093520,0.084992,-0.064352,-0.041024,0.027552
1781260485807243104,2026-06-12T17:34:45.807266,prediction,0.146187,-0.039000,0.092740,True,0.138374,0.038600,0.106225,0.007812,0.077600,0.013485,4.80,20,-0.154399,0.317299,0.393307,0.000000,0.000000,0.000000,0.010467,0.016137,0.013517,-0.059080,-0.067200,0.079431,-0.068064,-0.039680,0.028960
1781260485860062415,2026-06-12T17:34:45.860083,prediction,0.140484,-0.016000,0.096386,True,0.130374,0.043680,0.107776,0.010110,0.059680,0.011391,5.55,20,-0.154399,0.317299,0.393307,0.000000,0.000000,0.000000,0.010467,0.016137,0.013517,-0.059080,-0.067200,0.079431,-0.068064,-0.039680,0.028960
1781260485907366628,2026-06-12T17:34:45.907385,prediction,0.140484,-0.016000,0.096386,True,0.125814,0.047744,0.108727,0.014670,0.063744,0.012341,5.93,20,-0.152979,0.327116,0.396810,0.000000,0.000000,0.000000,0.010467,0.016137,0.013517,-0.059080,-0.067200,0.079431,-0.068064,-0.039680,0.028960
1781260485939064815,2026-06-12T17:34:45.939087,prediction,0.140484,-0.016000,0.096386,True,0.125439,0.050995,0.108337,0.015045,0.066995,0.011951,4.60,20,-0.151676,0.335928,0.400073,0.000000,0.000000,0.000000,0.010467,0.016137,0.013517,-0.059080,-0.067200,0.079431,-0.068064,-0.039680,0.028960
1781260485975804572,2026-06-12T17:34:45.975825,prediction,0.141836,-0.031000,0.103620,True,0.127128,0.049551,0.113408,0.014708,0.080551,0.009788,4.77,20,-0.151676,0.335928,0.400073,0.000000,0.000000,0.000000,0.010467,0.016137,0.013517,-0.059080,-0.067200,0.079431,-0.068064,-0.039680,0.028960
1781260486011431551,2026-06-12T17:34:46.011450,prediction,0.140484,-0.016000,0.103578,True,0.123785,0.052441,0.114429,0.016699,0.068441,0.010851,5.27,20,-0.150255,0.345195,0.403587,0.001744,0.000000,0.000000,0.010898,0.016137,0.016137,-0.074340,-0.046760,0.079680,-0.068288,-0.039200,0.027456
1781260486055233867,2026-06-12T17:34:46.055258,prediction,0.140484,-0.016000,0.107175,True,0.123842,0.054753,0.117303,0.016642,0.070753,0.010128,5.77,20,-0.150255,0.345195,0.403587,0.058463,0.017889,0.119118,0.002609,0.142675,0.065010,-0.131740,-0.240240,0.266679,-0.073248,-0.054496,0.039744
1781260486098544636,2026-06-12T17:34:46.098563,prediction,0.140484,-0.016000,0.107175,True,0.126633,0.056602,0.117926,0.013851,0.072602,0.010751,6.03,20,-0.148796,0.354398,0.407131,0.058463,0.017889,0.119118,0.002609,0.142675,0.065010,-0.131740,-0.240240,0.266679,-0.073248,-0.054496,0.039744
1781260486133026330,2026-06-12T17:34:46.133052,prediction,0.139763,-0.008000,0.107139,True,0.124827,0.059682,0.118086,0.014936,0.067682,0.010947,4.94,20,-0.147221,0.363580,0.410769,0.058463,0.017889,0.119118,0.002609,0.142675,0.065010,-0.131740,-0.240240,0.266679,-0.073248,-0.054496,0.039744
1781260486167061097,2026-06-12T17:34:46.167083,prediction,0.139763,-0.008000,0.110723,True,0.125759,0.062145,0.123493,0.014003,0.070145,0.012770,5.06,20,-0.147221,0.363580,0.410769,0.058463,0.017889,0.119118,0.002609,0.142675,0.065010,-0.131740,-0.240240,0.266679,-0.073248,-0.054496,0.039744
1781260486202405584,2026-06-12T17:34:46.202420,prediction,0.136893,-0.016000,0.114368,True,0.124955,0.058180,0.126573,0.011937,0.074181,0.012205,4.79,20,-0.145563,0.372741,0.414465,0.058901,0.023122,0.221217,0.000000,0.204635,0.061949,-0.099400,-0.019180,0.278714,-0.070848,-0.063392,0.036288
1781260486242257036,2026-06-12T17:34:46.242280,prediction,0.136893,-0.016000,0.114368,True,0.126067,0.054628,0.126400,0.010825,0.070628,0.012032,4.75,20,-0.145563,0.372741,0.414465,0.058463,0.024429,0.221217,0.000000,0.202015,0.059340,-0.087920,-0.028420,0.268920,-0.069792,-0.062240,0.036864
1781260486285583112,2026-06-12T17:34:46.285611,prediction,0.134768,0.008000,0.114183,True,0.122794,0.061302,0.126667,0.011974,0.053302,0.012484,5.97,20,-0.143762,0.382158,0.418390,0.058463,0.024429,0.221217,0.000000,0.202015,0.059340,-0.087920,-0.028420,0.268920,-0.069792,-0.062240,0.036864
1781260486320512875,2026-06-12T17:34:46.320538,prediction,0.136185,-0.008000,0.114306,True,0.123825,0.063442,0.128526,0.012359,0.071442,0.014220,4.47,20,-0.143762,0.382158,0.418390,0.058463,0.024429,0.221217,0.000000,0.202015,0.059340,-0.087920,-0.028420,0.268920,-0.069792,-0.062240,0.036864
1781260486356846564,2026-06-12T17:34:46.356872,prediction,0.135477,-0.000000,0.117814,True,0.117742,0.066753,0.130720,0.017735,0.066753,0.012906,4.94,20,-0.141990,0.390877,0.422135,0.058463,0.024429,0.221217,0.000000,0.202015,0.059340,-0.087920,-0.028420,0.268920,-0.069792,-0.062240,0.036864
1781260486414078793,2026-06-12T17:34:46.414138,prediction,0.134768,0.008000,0.121297,True,0.114434,0.071003,0.133119,0.020334,0.063003,0.011822,5.84,20,-0.140084,0.399829,0.426066,0.044069,0.034465,0.232563,0.000000,0.207254,0.042751,-0.113960,-0.020720,0.280955,-0.071296,-0.065120,0.038464
1781260486459010795,2026-06-12T17:34:46.459043,prediction,0.134768,0.008000,0.124854,True,0.116179,0.074402,0.136384,0.018590,0.066402,0.011531,5.54,20,-0.140084,0.399829,0.426066,0.044069,0.034465,0.241723,0.000000,0.215543,0.045812,-0.132580,-0.014560,0.284026,-0.070080,-0.062112,0.037856
1781260486498142422,2026-06-12T17:34:46.498164,prediction,0.134149,0.015000,0.128310,True,0.115593,0.078522,0.139627,0.018556,0.063522,0.011316,7.82,20,-0.138034,0.408790,0.430114,0.044069,0.034465,0.241723,0.000000,0.215543,0.045812,-0.132580,-0.014560,0.284026,-0.070080,-0.062112,0.037856
1781260486545029037,2026-06-12T17:34:46.545052,prediction,0.134768,0.008000,0.131967,True,0.118400,0.076460,0.143729,0.016368,0.068460,0.011761,5.38,20,-0.135937,0.417578,0.434350,0.044069,0.034465,0.241723,0.000000,0.215543,0.045812,-0.132580,-0.014560,0.284026,-0.070080,-0.062112,0.037856
1781260486584875248,2026-06-12T17:34:46.584904,prediction,0.134149,0.015000,0.135401,True,0.115863,0.080168,0.146898,0.018286,0.065168,0.011497,5.05,20,-0.135937,0.417578,0.434350,0.047558,0.039267,0.249143,0.000000,0.226452,0.045812,-0.110040,-0.020720,0.301622,-0.070240,-0.063840,0.038464
1781260486619562104,2026-06-12T17:34:46.619593,prediction,0.129913,0.023000,0.135261,True,0.113429,0.084735,0.146736,0.016484,0.061735,0.011475,5.23,20,-0.133833,0.426226,0.438887,0.061958,0.052354,0.328989,0.000000,0.280553,0.059340,-0.110320,-0.032760,0.298883,-0.054656,-0.067840,0.040256
1781260486656636225,2026-06-12T17:34:46.656690,prediction,0.130608,0.015000,0.138947,True,0.116727,0.083603,0.150528,0.013881,0.068603,0.011581,5.19,20,-0.133833,0.426226,0.438887,0.058901,0.052354,0.315903,0.000000,0.255686,0.059340,-0.105280,-0.042420,0.290915,-0.051488,-0.067584,0.039680
1781260486698766852,2026-06-12T17:34:46.698786,prediction,0.128610,0.038000,0.138505,True,0.111414,0.090483,0.150198,0.017197,0.052482,0.011693,5.21,20,-0.131732,0.434751,0.443687,0.055412,0.049303,0.291902,0.000000,0.223401,0.053659,-0.123060,-0.037800,0.311250,-0.049088,-0.070016,0.037792
1781260486742690102,2026-06-12T17:34:46.742715,prediction,0.128002,0.045000,0.138370,True,0.110052,0.097386,0.150962,0.017950,0.052386,0.012591,7.03,20,-0.129545,0.443282,0.448656,0.055849,0.048865,0.293650,0.000000,0.226010,0.056721,-0.104440,-0.047740,0.286516,-0.048768,-0.065024,0.036128
1781260486783017159,2026-06-12T17:34:46.783038,prediction,0.128610,0.038000,0.142013,True,0.112243,0.098538,0.153980,0.016367,0.060538,0.011968,5.21,20,-0.129545,0.443282,0.448656,0.055849,0.048865,0.293650,0.000000,0.226010,0.056721,-0.104440,-0.047740,0.286516,-0.048768,-0.065024,0.036128
1781260486822630854,2026-06-12T17:34:46.822677,prediction,0.128002,0.045000,0.141867,True,0.109324,0.103830,0.153307,0.018679,0.058830,0.011440,5.93,20,-0.127267,0.451700,0.453820,0.055849,0.048865,0.293650,0.000000,0.226010,0.056721,-0.104440,-0.047740,0.286516,-0.048768,-0.065024,0.036128
1781260486863235490,2026-06-12T17:34:46.863257,prediction,0.128002,0.045000,0.145363,True,0.109759,0.106764,0.157724,0.018243,0.061764,0.012362,5.93,20,-0.127267,0.451700,0.453820,0.055412,0.047558,0.291464,0.000000,0.226452,0.056721,-0.081760,-0.039620,0.295065,-0.048768,-0.067296,0.035520
1781260486907075360,2026-06-12T17:34:46.907099,prediction,0.126699,0.060000,0.148497,True,0.107751,0.113411,0.160287,0.018949,0.053411,0.011790,9.25,20,-0.125012,0.459795,0.458825,0.053667,0.047558,0.273144,0.000000,0.223833,0.054101,-0.110880,-0.059780,0.311748,-0.035968,-0.067232,0.035584
1781260486946336949,2026-06-12T17:34:46.946353,prediction,0.122636,0.067000,0.148328,True,0.106272,0.120129,0.160289,0.016364,0.053129,0.011961,5.64,20,-0.122647,0.468007,0.464011,0.055849,0.045814,0.271396,0.000000,0.226452,0.056721,-0.104720,-0.062860,0.333411,-0.035072,-0.065344,0.040480
1781260487019275188,2026-06-12T17:34:47.019294,prediction,0.123233,0.060000,0.151968,True,0.109292,0.116171,0.164699,0.013940,0.056171,0.012731,7.38,20,-0.120234,0.476236,0.469199,0.055849,0.045814,0.277069,0.000000,0.234741,0.056721,-0.119840,-0.074620,0.323119,-0.030336,-0.065280,0.035456
1781260487067215352,2026-06-12T17:34:47.067233,prediction,0.120846,0.088000,0.151246,True,0.103881,0.124171,0.164882,0.016965,0.036171,0.013635,6.19,20,-0.117846,0.484813,0.474623,0.055849,0.045814,0.277069,0.000000,0.234741,0.056721,-0.119840,-0.074620,0.323119,-0.030336,-0.065280,0.035456
1781260487109403157,2026-06-12T17:34:47.109425,prediction,0.117425,0.088000,0.151246,True,0.100979,0.132171,0.165503,0.016447,0.044171,0.014257,5.58,20,-0.117846,0.484813,0.474623,0.055849,0.045814,0.277069,0.000000,0.234741,0.056721,-0.119840,-0.074620,0.323119,-0.030336,-0.065280,0.035456
1781260487152025922,2026-06-12T17:34:47.152048,prediction,0.117425,0.088000,0.154672,True,0.101550,0.136687,0.168669,0.015875,0.048687,0.013997,5.86,20,-0.115618,0.493070,0.479727,0.055412,0.039267,0.280556,0.000000,0.245208,0.054101,-0.117180,-0.073780,0.322621,-0.027456,-0.070144,0.038912
1781260487192621875,2026-06-12T17:34:47.192670,prediction,0.111710,0.116000,0.153904,True,0.093550,0.144687,0.167653,0.018160,0.028687,0.013749,5.75,20,-0.115618,0.493070,0.479727,0.055412,0.039267,0.280556,0.000000,0.245208,0.054101,-0.117180,-0.073780,0.322621,-0.027456,-0.070144,0.038912
1781260487256832195,2026-06-12T17:34:47.256889,prediction,0.111710,0.116000,0.157283,True,0.092787,0.152687,0.170655,0.018923,0.036687,0.013371,5.59,20,-0.113478,0.501100,0.484562,0.055412,0.039267,0.282304,0.000000,0.242599,0.056721,-0.124600,-0.075600,0.321708,-0.026784,-0.072256,0.036960
1781260487310033167,2026-06-12T17:34:47.310055,prediction,0.110563,0.130000,0.156876,True,0.088813,0.160687,0.170156,0.021750,0.030687,0.013280,6.35,20,-0.110968,0.509623,0.489379,0.055412,0.034465,0.280556,0.000000,0.245208,0.054101,-0.112840,-0.084840,0.333743,-0.024832,-0.071584,0.038240
1781260487344198894,2026-06-12T17:34:47.344216,prediction,0.110563,0.130000,0.156876,True,0.088304,0.168599,0.170928,0.022259,0.038599,0.014051,4.85,20,-0.108216,0.518284,0.493495,0.055412,0.034034,0.280995,0.000000,0.247827,0.054101,-0.124180,-0.084560,0.322538,-0.024544,-0.066624,0.036960
1781260487385104052,2026-06-12T17:34:47.385124,prediction,0.109498,0.143000,0.156498,True,0.084372,0.176599,0.171228,0.025125,0.033599,0.014730,8.89,20,-0.108216,0.518284,0.493495,0.054105,0.034465,0.280556,0.000000,0.245208,0.051482,-0.135100,-0.084280,0.327352,-0.025600,-0.065728,0.040032
1781260487424259139,2026-06-12T17:34:47.424312,prediction,0.109989,0.137000,0.160018,True,0.085374,0.184048,0.174383,0.024615,0.047048,0.014365,4.97,20,-0.105288,0.527092,0.496849,0.057156,0.036209,0.280995,0.000000,0.248269,0.053659,-0.106540,-0.089460,0.339802,-0.024832,-0.063904,0.041184
1781260487492138441,2026-06-12T17:34:47.492160,prediction,0.108350,0.157000,0.159403,True,0.083204,0.192048,0.173010,0.025146,0.035048,0.013606,5.95,20,-0.102342,0.536284,0.500082,0.054105,0.039267,0.278809,0.000000,0.242599,0.053659,-0.096040,-0.099120,0.349928,-0.025728,-0.065344,0.037920
1781260487537350514,2026-06-12T17:34:47.537377,prediction,0.107285,0.170000,0.159004,True,0.082415,0.200048,0.172950,0.024870,0.030048,0.013946,9.51,20,-0.099668,0.544492,0.502609,0.050609,0.041012,0.284482,0.000000,0.242599,0.051040,-0.122080,-0.089180,0.349015,-0.025728,-0.065120,0.034912
1781260487578589317,2026-06-12T17:34:47.578607,prediction,0.101911,0.196000,0.158205,True,0.078738,0.208048,0.173829,0.023173,0.012048,0.015623,6.72,20,-0.099668,0.544492,0.502609,0.050609,0.044069,0.284482,0.000000,0.237361,0.051482,-0.112140,-0.099120,0.343371,-0.026624,-0.067968,0.038080
1781260487614046694,2026-06-12T17:34:47.614071,prediction,0.101911,0.196000,0.158205,True,0.081336,0.216048,0.174465,0.020575,0.020048,0.016260,5.06,20,-0.096727,0.553801,0.504842,0.050609,0.044069,0.284482,0.000000,0.237361,0.051482,-0.112140,-0.099120,0.343371,-0.026624,-0.067968,0.038080
1781260487656423525,2026-06-12T17:34:47.656444,prediction,0.098195,0.202000,0.158021,True,0.076407,0.224048,0.173314,0.021788,0.022048,0.015293,9.25,20,-0.096727,0.553801,0.504842,0.050609,0.044069,0.284482,0.000000,0.237361,0.051482,-0.112140,-0.099120,0.343371,-0.026624,-0.067968,0.038080
1781260487704329710,2026-06-12T17:34:47.704367,prediction,0.098195,0.202000,0.158021,True,0.075523,0.232048,0.172092,0.022672,0.030048,0.014071,6.17,20,-0.094023,0.562883,0.506706,0.050609,0.044069,0.284482,0.000000,0.237361,0.051482,-0.112140,-0.099120,0.343371,-0.026624,-0.067968,0.038080
1781260487765293457,2026-06-12T17:34:47.765309,prediction,0.094037,0.214000,0.157653,True,0.072202,0.240048,0.171213,0.021835,0.026048,0.013560,5.25,20,-0.090982,0.572961,0.508141,0.050609,0.067192,0.284051,0.000000,0.212924,0.051482,-0.108080,-0.078120,0.350426,-0.029344,-0.065504,0.039360
1781260487809217178,2026-06-12T17:34:47.809248,prediction,0.093036,0.227000,0.160450,True,0.072810,0.248048,0.173435,0.020226,0.021048,0.012985,7.25,20,-0.088413,0.581638,0.509116,0.049303,0.071556,0.284482,0.000000,0.212924,0.051482,-0.127400,-0.065380,0.366113,-0.029664,-0.064128,0.039296
1781260487859331521,2026-06-12T17:34:47.859363,prediction,0.093036,0.227000,0.160450,True,0.075558,0.256048,0.172325,0.017478,0.029048,0.011875,13.25,20,-0.088413,0.581638,0.509116,0.054105,0.084643,0.286229,0.000000,0.207685,0.053659,-0.118720,-0.068740,0.352169,-0.029184,-0.057888,0.035680
1781260487889733339,2026-06-12T17:34:47.889755,prediction,0.089391,0.233000,0.163444,True,0.070106,0.264048,0.173978,0.019285,0.031048,0.010534,5.05,20,-0.085855,0.590881,0.510003,0.055849,0.089883,0.286668,0.000000,0.194157,0.054101,-0.112140,-0.073360,0.340798,-0.028736,-0.057216,0.036512
1781260487924305819,2026-06-12T17:34:47.924328,prediction,0.088939,0.239000,0.163240,True,0.071440,0.272048,0.173297,0.017499,0.033048,0.010057,5.06,20,-0.085855,0.590881,0.510003,0.055412,0.096423,0.278809,0.000000,0.180640,0.056721,-0.108780,-0.086100,0.350924,-0.030400,-0.058880,0.038752
1781260487965120628,2026-06-12T17:34:47.965143,prediction,0.089391,0.233000,0.163444,True,0.075236,0.277027,0.172764,0.014155,0.044026,0.009320,4.90,20,-0.083670,0.600621,0.510535,0.055849,0.104283,0.274883,0.000000,0.169731,0.054101,-0.117460,-0.084560,0.352003,-0.030720,-0.056544,0.040032
1781260488001099176,2026-06-12T17:34:48.001122,prediction,0.088486,0.245000,0.163036,True,0.073958,0.285027,0.171515,0.014528,0.040027,0.008480,5.33,20,-0.081742,0.610392,0.510991,0.054105,0.109517,0.271396,0.000000,0.161442,0.054101,-0.126980,-0.078960,0.348019,-0.031008,-0.052832,0.037184
1781260488035724286,2026-06-12T17:34:48.035763,prediction,0.080862,0.263000,0.162423,True,0.067351,0.293027,0.169582,0.013511,0.030027,0.007159,4.88,20,-0.081742,0.610392,0.510991,0.051923,0.114319,0.271396,0.000000,0.156203,0.051040,-0.105980,-0.068740,0.343039,-0.030848,-0.052480,0.038304
1781260488070602636,2026-06-12T17:34:48.070635,prediction,0.077306,0.269000,0.162219,True,0.067395,0.301027,0.169942,0.009910,0.032026,0.007723,5.69,20,-0.080052,0.620229,0.511246,0.050609,0.122603,0.263976,0.000000,0.142675,0.054101,-0.109620,-0.082040,0.358311,-0.032352,-0.059168,0.034176
1781260488125072976,2026-06-12T17:34:48.125093,prediction,0.077728,0.263000,0.165561,True,0.070509,0.304502,0.171520,0.007219,0.041502,0.005959,4.93,20,-0.080052,0.620229,0.511246,0.047558,0.125661,0.263976,0.000000,0.137436,0.048432,-0.102900,-0.085540,0.365947,-0.032960,-0.051712,0.038240
1781260488172159659,2026-06-12T17:34:48.172186,prediction,0.073769,0.275000,0.165134,True,0.062509,0.312502,0.169052,0.011260,0.037502,0.003918,5.07,20,-0.078357,0.630313,0.511369,0.047558,0.125661,0.263976,0.000000,0.137436,0.048432,-0.102900,-0.085540,0.365947,-0.032960,-0.051712,0.038240
1781260488205921757,2026-06-12T17:34:48.205949,prediction,0.069849,0.287000,0.164706,True,0.057458,0.320502,0.167961,0.012391,0.033502,0.003255,5.27,20,-0.076821,0.640017,0.511360,0.047558,0.125661,0.263976,0.000000,0.137436,0.048432,-0.102900,-0.085540,0.365947,-0.032960,-0.051712,0.038240
1781260488247028838,2026-06-12T17:34:48.247048,prediction,0.066034,0.298000,0.164314,True,0.056783,0.328502,0.168784,0.009251,0.030502,0.004470,6.21,20,-0.076821,0.640017,0.511360,0.049303,0.129150,0.262229,0.000000,0.134817,0.045812,-0.089460,-0.076440,0.367773,-0.032800,-0.054784,0.036736
1781260488287643285,2026-06-12T17:34:48.287677,prediction,0.062574,0.304000,0.164100,True,0.055436,0.334267,0.168947,0.007138,0.030267,0.004847,5.04,20,-0.075123,0.649840,0.511192,0.042318,0.143550,0.262229,0.000000,0.118680,0.042751,-0.104160,-0.074340,0.346110,-0.035072,-0.051328,0.033504
1781260488328468498,2026-06-12T17:34:48.328500,prediction,0.061871,0.315000,0.163708,True,0.051477,0.342267,0.168472,0.010394,0.027267,0.004765,6.22,20,-0.073394,0.659718,0.510988,0.042318,0.143550,0.262229,0.000000,0.118680,0.042751,-0.104160,-0.074340,0.346110,-0.035072,-0.051328,0.033504
1781260488372149343,2026-06-12T17:34:48.372189,prediction,0.058449,0.321000,0.163494,True,0.046135,0.350267,0.167428,0.012314,0.029267,0.003934,9.99,20,-0.073394,0.659718,0.510988,0.042318,0.143550,0.262229,0.000000,0.118680,0.042751,-0.104160,-0.074340,0.346110,-0.035072,-0.051328,0.033504
1781260488410159929,2026-06-12T17:34:48.410183,prediction,0.057764,0.332000,0.163102,True,0.046739,0.358267,0.167345,0.011025,0.026267,0.004243,6.22,20,-0.071518,0.669561,0.510746,0.029231,0.161877,0.267902,0.000000,0.105152,0.029665,-0.089880,-0.111860,0.361631,-0.036960,-0.048992,0.031392
1781260488463879656,2026-06-12T17:34:48.463903,prediction,0.055108,0.326000,0.163316,True,0.046297,0.360334,0.167419,0.008810,0.034334,0.004104,5.16,20,-0.069583,0.679348,0.510459,0.022685,0.166673,0.271396,0.000000,0.104710,0.024426,-0.103180,-0.098140,0.354078,-0.037248,-0.048384,0.032800
1781260488503841828,2026-06-12T17:34:48.503864,prediction,0.054744,0.332000,0.163102,True,0.043818,0.368334,0.166649,0.010926,0.036334,0.003547,5.32,20,-0.069583,0.679348,0.510459,0.018320,0.171475,0.273144,0.000000,0.102091,0.019198,-0.096040,-0.114940,0.364536,-0.037856,-0.045760,0.031520
1781260488547102069,2026-06-12T17:34:48.547124,prediction,0.054441,0.337000,0.162924,True,0.042478,0.376334,0.165425,0.011962,0.039334,0.002501,7.45,20,-0.067487,0.689126,0.510098,0.018320,0.171475,0.273144,0.000000,0.102091,0.019198,-0.096040,-0.114940,0.364536,-0.037856,-0.045760,0.031520
1781260488599664668,2026-06-12T17:34:48.599693,prediction,0.050426,0.354000,0.159329,True,0.038734,0.384334,0.161472,0.011692,0.030334,0.002143,5.39,20,-0.065316,0.698846,0.509685,0.018320,0.171475,0.273144,0.000000,0.102091,0.019198,-0.096040,-0.114940,0.364536,-0.037856,-0.045760,0.031520
1781260488633101141,2026-06-12T17:34:48.633122,prediction,0.049836,0.364000,0.158989,True,0.039980,0.392334,0.161868,0.009856,0.028334,0.002879,5.06,20,-0.065316,0.698846,0.509685,0.018320,0.171475,0.273144,0.000000,0.102091,0.019198,-0.096040,-0.114940,0.364536,-0.037856,-0.045760,0.031520
1781260488670759759,2026-06-12T17:34:48.670781,prediction,0.050131,0.359000,0.162139,True,0.040664,0.393959,0.164544,0.009467,0.034959,0.002405,5.05,20,-0.062879,0.708489,0.509131,0.007853,0.179766,0.274883,0.000000,0.096863,0.008289,-0.079940,-0.133280,0.373500,-0.040416,-0.050368,0.032512
1781260488743432523,2026-06-12T17:34:48.743456,prediction,0.050426,0.354000,0.162318,True,0.037996,0.396937,0.162322,0.012430,0.042937,0.000005,11.55,20,-0.060359,0.718483,0.508571,0.008285,0.179766,0.278809,0.000000,0.097294,0.007847,-0.083020,-0.120820,0.365532,-0.043584,-0.054048,0.035360
1781260488783929352,2026-06-12T17:34:48.783953,prediction,0.050780,0.348000,0.162532,True,0.037862,0.396806,0.162214,0.012918,0.048806,0.000317,8.41,20,-0.060359,0.718483,0.508571,0.008285,0.179766,0.278809,0.000000,0.099482,0.007847,-0.087360,-0.125160,0.380389,-0.043872,-0.049920,0.033280
1781260488830979624,2026-06-12T17:34:48.831002,prediction,0.048893,0.380000,0.158445,True,0.034012,0.404806,0.158767,0.014881,0.024806,0.000322,5.50,20,-0.057861,0.727846,0.507979,0.008285,0.179766,0.278809,0.000000,0.099482,0.007847,-0.087360,-0.125160,0.380389,-0.043872,-0.049920,0.033280
1781260488866665336,2026-06-12T17:34:48.866691,prediction,0.049187,0.375000,0.158615,True,0.035674,0.412806,0.158324,0.013513,0.037806,0.000291,5.18,20,-0.055240,0.737501,0.507314,0.008285,0.179766,0.278809,0.000000,0.099482,0.007847,-0.087360,-0.125160,0.380389,-0.043872,-0.049920,0.033280
1781260488905827413,2026-06-12T17:34:48.905849,prediction,0.045664,0.385000,0.155337,True,0.028560,0.420806,0.154144,0.017104,0.035806,0.001193,5.15,20,-0.055240,0.737501,0.507314,0.008285,0.179766,0.278809,0.000000,0.099482,0.007847,-0.087360,-0.125160,0.380389,-0.043872,-0.049920,0.033280
1781260488959946116,2026-06-12T17:34:48.959968,prediction,0.045951,0.380000,0.155499,True,0.027005,0.426795,0.153920,0.018946,0.046795,0.001579,5.03,20,-0.052597,0.747244,0.506502,0.011342,0.183255,0.280556,0.000000,0.099482,0.010898,-0.107800,-0.164920,0.373998,-0.047808,-0.045696,0.034016
1781260488998865331,2026-06-12T17:34:48.998886,prediction,0.044747,0.401000,0.151908,True,0.022241,0.434795,0.150580,0.022506,0.033795,0.001329,5.03,20,-0.049995,0.756679,0.505623,0.014831,0.181073,0.280556,0.000000,0.102533,0.016579,-0.101360,-0.167300,0.380140,-0.048256,-0.048480,0.032576
1781260489036284713,2026-06-12T17:34:49.036304,prediction,0.041561,0.406000,0.148852,True,0.019456,0.442795,0.148695,0.022105,0.036795,0.000156,4.58,20,-0.049995,0.756679,0.505623,0.014394,0.181511,0.282742,0.000000,0.099482,0.019198,-0.113400,-0.158900,0.378148,-0.049600,-0.048320,0.031616
1781260489097978673,2026-06-12T17:34:49.098004,prediction,0.041840,0.401000,0.148997,True,0.020964,0.444062,0.149744,0.020875,0.043062,0.000747,7.61,20,-0.047264,0.766363,0.504483,0.018320,0.181073,0.284482,0.000000,0.102533,0.018756,-0.101360,-0.153440,0.370014,-0.049600,-0.047200,0.030944
1781260489127312055,2026-06-12T17:34:49.127335,prediction,0.037851,0.421000,0.139780,True,0.013531,0.452062,0.143897,0.024320,0.031062,0.004117,5.02,20,-0.044594,0.775846,0.503281,0.019634,0.182817,0.282742,0.000000,0.099914,0.018756,-0.078120,-0.195860,0.376737,-0.050048,-0.047648,0.032576
1781260489172431723,2026-06-12T17:34:49.172450,prediction,0.037851,0.421000,0.139780,True,0.012467,0.457571,0.143497,0.025385,0.036571,0.003717,7.10,20,-0.044594,0.775846,0.503281,0.019196,0.179766,0.282304,0.000000,0.099482,0.018756,-0.098840,-0.187460,0.372753,-0.050048,-0.051328,0.034784
1781260489211137936,2026-06-12T17:34:49.211156,prediction,0.037311,0.431000,0.139539,True,0.010163,0.462305,0.143829,0.027148,0.031305,0.004290,4.88,20,-0.041757,0.785313,0.501786,0.022685,0.181511,0.282304,0.000000,0.102533,0.021807,-0.114380,-0.182560,0.367109,-0.050656,-0.045600,0.034688
1781260489246393759,2026-06-12T17:34:49.246413,prediction,0.037311,0.431000,0.139539,True,0.010605,0.460060,0.144626,0.026706,0.029060,0.005087,4.61,20,-0.041757,0.785313,0.501786,0.023122,0.182817,0.282304,0.000000,0.102091,0.021807,-0.098140,-0.195860,0.390183,-0.050880,-0.051648,0.036192
1781260489297231370,2026-06-12T17:34:49.297246,prediction,0.037311,0.431000,0.139539,True,0.008886,0.460259,0.144596,0.028425,0.029259,0.005057,4.43,20,-0.038766,0.794967,0.500130,0.023122,0.181511,0.284482,0.000000,0.102091,0.021375,-0.095760,-0.208320,0.378480,-0.051264,-0.047872,0.037408
1781260489333010165,2026-06-12T17:34:49.333030,prediction,0.037311,0.431000,0.139539,True,0.008393,0.461793,0.145608,0.028918,0.030793,0.006069,6.71,20,-0.035842,0.804122,0.498512,0.023122,0.178022,0.286229,0.000000,0.102533,0.024426,-0.105000,-0.174440,0.373334,-0.051264,-0.051104,0.036640
1781260489366163811,2026-06-12T17:34:49.366192,prediction,0.036770,0.441000,0.136452,True,0.010343,0.466422,0.145177,0.026427,0.025422,0.008726,5.67,20,-0.035842,0.804122,0.498512,0.024429,0.181073,0.284482,0.000000,0.102533,0.023995,-0.107520,-0.194320,0.389104,-0.051264,-0.049664,0.034560
1781260489406399310,2026-06-12T17:34:49.406416,prediction,0.036770,0.441000,0.136452,True,0.012407,0.464556,0.146058,0.024363,0.023556,0.009606,4.34,20,-0.032669,0.813437,0.496718,0.024429,0.186313,0.286229,0.000000,0.105152,0.024426,-0.091140,-0.219660,0.391511,-0.051264,-0.052608,0.032352
1781260489460407357,2026-06-12T17:34:49.460431,prediction,0.037311,0.431000,0.136677,True,0.015297,0.456637,0.146295,0.022014,0.025637,0.009619,5.46,20,-0.029478,0.822706,0.494890,0.024429,0.184568,0.289724,0.000000,0.105152,0.024426,-0.103180,-0.210420,0.392590,-0.051552,-0.052000,0.032960
1781260489496033713,2026-06-12T17:34:49.496053,prediction,0.033666,0.446000,0.130664,True,0.010419,0.464281,0.140317,0.023248,0.018281,0.009653,4.75,20,-0.029478,0.822706,0.494890,0.024429,0.186313,0.291902,0.000000,0.105152,0.024426,-0.100660,-0.197960,0.376737,-0.051712,-0.052096,0.032800
1781260489564375673,2026-06-12T17:34:49.564397,prediction,0.030833,0.446000,0.127827,True,0.011413,0.465406,0.138987,0.019420,0.019406,0.011160,5.49,20,-0.026191,0.832270,0.492930,0.024429,0.186313,0.289724,0.000000,0.105152,0.027045,-0.111580,-0.198940,0.388772,-0.051648,-0.050144,0.033120
1781260489611103768,2026-06-12T17:34:49.611132,prediction,0.028000,0.446000,0.127827,True,0.012706,0.459212,0.140717,0.015293,0.013212,0.012890,5.08,20,-0.023102,0.841317,0.491009,0.024429,0.186313,0.289724,0.000000,0.105152,0.027045,-0.111580,-0.198940,0.388772,-0.051648,-0.050144,0.033120
1781260489654011072,2026-06-12T17:34:49.654028,prediction,0.024739,0.455000,0.124846,True,0.009086,0.463667,0.136614,0.015653,0.008667,0.011767,6.15,20,-0.023102,0.841317,0.491009,0.024429,0.186313,0.289724,0.000000,0.105152,0.027045,-0.111580,-0.198940,0.388772,-0.051648,-0.050144,0.033120
1781260489702436289,2026-06-12T17:34:49.702459,prediction,0.024501,0.460000,0.124767,True,0.009519,0.468367,0.135765,0.014982,0.008367,0.010999,9.39,20,-0.019974,0.850539,0.488884,0.025742,0.191108,0.291464,0.000000,0.099914,0.026614,-0.097020,-0.231840,0.390183,-0.051712,-0.050144,0.036416
1781260489744305467,2026-06-12T17:34:49.744342,prediction,0.021920,0.455000,0.122024,True,0.008065,0.467978,0.132651,0.013855,0.012978,0.010628,12.44,20,-0.016853,0.859777,0.486623,0.026174,0.192853,0.289724,0.000000,0.099914,0.027045,-0.098560,-0.247380,0.397404,-0.051872,-0.049312,0.035744
1781260489796108871,2026-06-12T17:34:49.796134,prediction,0.018659,0.465000,0.121881,True,0.006388,0.471449,0.133268,0.012272,0.006449,0.011387,17.91,20,-0.013701,0.868748,0.484105,0.026174,0.192853,0.289724,0.000000,0.099914,0.027045,-0.098560,-0.247380,0.397404,-0.051872,-0.049312,0.035744
1781260489860885574,2026-06-12T17:34:49.860904,prediction,0.015474,0.474000,0.118961,True,0.004097,0.478777,0.130275,0.011377,0.004777,0.011314,6.57,20,-0.011278,0.875809,0.481982,0.027487,0.192853,0.291902,0.000000,0.099482,0.029665,-0.103740,-0.266560,0.388606,-0.052320,-0.051104,0.034464
1781260489941941775,2026-06-12T17:34:49.941974,prediction,0.012482,0.479000,0.118898,True,0.003277,0.483881,0.128818,0.009205,0.004881,0.009921,7.16,20,-0.009377,0.881140,0.480005,0.027487,0.187619,0.286668,0.000000,0.094244,0.029234,-0.119840,-0.252840,0.373666,-0.052320,-0.052096,0.035584
1781260489995066867,2026-06-12T17:34:49.995090,prediction,0.006396,0.493000,0.113200,True,-0.001260,0.489999,0.124018,0.007656,0.003001,0.010818,7.59,20,-0.009377,0.881140,0.480005,0.027487,0.187619,0.286668,0.000000,0.094244,0.029234,-0.119840,-0.252840,0.373666,-0.052320,-0.052096,0.035584
1781260490098316451,2026-06-12T17:34:50.098339,prediction,0.004000,0.483000,0.110517,True,-0.002864,0.489944,0.121732,0.006864,0.006944,0.011215,18.95,20,-0.007211,0.886217,0.476368,0.029669,0.187619,0.288415,0.000000,0.099914,0.027045,-0.119560,-0.256900,0.401305,-0.052480,-0.047104,0.034688
1781260490209999541,2026-06-12T17:34:50.210023,prediction,0.001365,0.479000,0.110548,True,-0.007101,0.489320,0.120382,0.008466,0.010320,0.009834,15.22,20,-0.006852,0.887366,0.475596,0.027925,0.202457,0.308483,0.000000,0.102533,0.029665,-0.113400,-0.271180,0.400973,-0.050048,-0.052480,0.033856
1781260490308096359,2026-06-12T17:34:50.308120,prediction,-0.002004,0.497000,0.104902,True,-0.011746,0.497320,0.114593,0.009743,0.000320,0.009691,7.52,20,-0.006029,0.888930,0.474254,0.026174,0.189364,0.282304,0.000000,0.097294,0.027045,-0.109060,-0.305620,0.390017,-0.046368,-0.045600,0.035840
1781260490401000140,2026-06-12T17:34:50.401020,prediction,-0.002298,0.506000,0.096646,True,-0.012407,0.503065,0.108931,0.010108,0.002935,0.012285,9.69,20,-0.004347,0.891221,0.471875,0.021378,0.158388,0.224704,0.000000,0.070249,0.021375,-0.081200,-0.383040,0.372089,-0.046528,-0.045824,0.033856
1781260490465178053,2026-06-12T17:34:50.465201,prediction,-0.005313,0.515000,0.091202,True,-0.014284,0.506298,0.104760,0.008971,0.008702,0.013558,7.83,20,-0.004347,0.891221,0.471875,0.021378,0.158388,0.224704,0.000000,0.070249,0.021375,-0.081200,-0.383040,0.372089,-0.046528,-0.045824,0.033856
1781260490543386918,2026-06-12T17:34:50.543415,prediction,-0.005468,0.520000,0.085790,True,-0.014182,0.507706,0.101148,0.008713,0.012294,0.015359,16.81,20,-0.001239,0.895176,0.467357,0.019634,0.148784,0.213365,0.000000,0.064568,0.021807,-0.079660,-0.359800,0.358892,-0.046528,-0.046592,0.031744
1781260490617403014,2026-06-12T17:34:50.617425,prediction,-0.008445,0.529000,0.080451,True,-0.017820,0.515695,0.095054,0.009375,0.013305,0.014603,9.93,20,0.000775,0.898337,0.464243,0.019634,0.148784,0.213365,0.000000,0.064568,0.021807,-0.079660,-0.359800,0.358892,-0.046528,-0.046592,0.031744
1781260490649527095,2026-06-12T17:34:50.649554,prediction,-0.009064,0.550000,0.072669,True,-0.018396,0.523695,0.087731,0.009332,0.026306,0.015062,7.45,20,0.000775,0.898337,0.464243,0.006540,0.039267,0.039265,0.000000,0.000000,0.005228,-0.109620,-0.399840,0.318969,-0.043968,-0.040800,0.035136
1781260490710060602,2026-06-12T17:34:50.710087,prediction,-0.009211,0.555000,0.070087,True,-0.016084,0.529075,0.084897,0.006873,0.025925,0.014810,6.40,20,0.003472,0.902483,0.459916,0.006540,0.039267,0.039265,0.000000,0.000000,0.005228,-0.109620,-0.399840,0.318969,-0.043968,-0.040800,0.035136
1781260490749766436,2026-06-12T17:34:50.749793,prediction,-0.009064,0.550000,0.064670,True,-0.016079,0.531871,0.079719,0.007015,0.018129,0.015049,5.83,20,0.005675,0.906768,0.455853,0.006540,0.039267,0.039265,0.000000,0.000000,0.005228,-0.109620,-0.399840,0.318969,-0.043968,-0.040800,0.035136
1781260490796928362,2026-06-12T17:34:50.796958,prediction,-0.009064,0.550000,0.064670,True,-0.016109,0.536986,0.075975,0.007045,0.013014,0.011305,8.02,20,0.007584,0.911160,0.451908,0.008285,0.034034,0.029666,0.000000,0.005670,0.007847,-0.091980,-0.388080,0.313159,-0.043040,0.033344,0.033632
1781260490832307946,2026-06-12T17:34:50.832334,prediction,-0.008946,0.546000,0.064589,True,-0.015696,0.540726,0.073132,0.006750,0.005274,0.008544,6.31,20,0.007584,0.911160,0.451908,0.008285,0.034465,0.027919,0.000000,0.002609,0.007847,-0.088340,-0.392980,0.319633,-0.042752,0.049824,0.034080
1781260490876848701,2026-06-12T17:34:50.876874,prediction,-0.008828,0.542000,0.064508,True,-0.014707,0.541590,0.070759,0.005879,0.000410,0.006251,6.35,20,0.009699,0.916953,0.446755,0.008285,0.034465,0.027919,0.000000,0.002609,0.007847,-0.088340,-0.392980,0.319633,-0.042752,0.049824,0.034080
1781260490914107271,2026-06-12T17:34:50.914131,prediction,-0.008828,0.542000,0.061828,True,-0.014904,0.542611,0.067597,0.006076,0.000611,0.005769,6.24,20,0.009699,0.916953,0.446755,0.008285,0.034465,0.027919,0.000000,0.002609,0.007847,-0.088340,-0.392980,0.319633,-0.042752,0.049824,0.034080
1781260490958596633,2026-06-12T17:34:50.958621,prediction,-0.011615,0.546000,0.059243,True,-0.016310,0.544291,0.064688,0.004695,0.001709,0.005445,5.40,20,0.011727,0.923532,0.440824,0.008285,0.034465,0.027919,0.000000,0.002609,0.007847,-0.088340,-0.392980,0.319633,-0.042752,0.049824,0.034080
1781260491004475398,2026-06-12T17:34:51.004500,prediction,-0.011365,0.537000,0.056343,True,-0.014638,0.541377,0.062863,0.003273,0.004377,0.006520,6.64,20,0.013422,0.929426,0.435316,0.014831,0.045814,0.035339,0.000000,0.007847,0.013517,-0.115220,-0.340900,0.333079,-0.038688,0.042080,0.035680
1781260491056912294,2026-06-12T17:34:51.056930,prediction,-0.011615,0.546000,0.053896,True,-0.016252,0.545340,0.059603,0.004636,0.000660,0.005707,5.29,20,0.013422,0.929426,0.435316,0.021378,0.073301,0.059771,0.000000,0.016137,0.021375,-0.114660,-0.331380,0.336316,-0.037184,0.041248,0.036960
1781260491094249476,2026-06-12T17:34:51.094271,prediction,-0.011615,0.546000,0.051223,True,-0.015437,0.543356,0.057580,0.003822,0.002644,0.006357,6.91,20,0.014842,0.935544,0.428989,0.022685,0.085081,0.068938,0.000000,0.016137,0.024426,-0.125160,-0.352380,0.329593,-0.037344,0.041184,0.037120
1781260491129798205,2026-06-12T17:34:51.129821,prediction,-0.014389,0.550000,0.048671,True,-0.017518,0.546371,0.054810,0.003129,0.003629,0.006140,4.97,20,0.015786,0.941025,0.423261,0.022685,0.085081,0.068938,0.000000,0.016137,0.024426,-0.125160,-0.352380,0.329593,-0.037344,0.041184,0.037120
1781260491172718474,2026-06-12T17:34:51.172748,prediction,-0.014285,0.546000,0.048550,True,-0.015853,0.542859,0.054637,0.001568,0.003141,0.006087,5.77,20,0.015786,0.941025,0.423261,0.022685,0.085081,0.068938,0.000000,0.016137,0.024426,-0.125160,-0.352380,0.329593,-0.037344,0.041184,0.037120
1781260491231813151,2026-06-12T17:34:51.231832,prediction,-0.014389,0.550000,0.048671,True,-0.015299,0.540435,0.053907,0.000909,0.009565,0.005236,5.22,20,0.016416,0.946546,0.417173,0.022685,0.085081,0.068938,0.000000,0.016137,0.024426,-0.125160,-0.352380,0.329593,-0.037344,0.041184,0.037120
1781260491270526877,2026-06-12T17:34:51.270551,prediction,-0.014285,0.546000,0.045877,True,-0.015007,0.539239,0.051373,0.000722,0.006761,0.005496,5.58,20,0.016808,0.951153,0.411854,0.024429,0.135259,0.122605,0.000000,0.013086,0.026614,-0.117180,-0.337260,0.347687,-0.040352,0.040640,0.032800
1781260491305734663,2026-06-12T17:34:51.305758,prediction,-0.017052,0.550000,0.046004,True,-0.015921,0.539734,0.050958,0.001131,0.010266,0.004954,5.84,20,0.016808,0.951153,0.411854,0.022685,0.142243,0.132204,0.000000,0.007847,0.021375,-0.105980,-0.335720,0.358145,-0.040704,0.038400,0.033728
1781260491345833549,2026-06-12T17:34:51.345857,prediction,-0.017175,0.555000,0.043504,True,-0.015180,0.542481,0.049543,0.001995,0.012519,0.006039,5.46,20,0.016730,0.955495,0.406343,0.022685,0.142243,0.132204,0.000000,0.007847,0.021375,-0.105980,-0.335720,0.358145,-0.040704,0.038400,0.033728
1781260491385117933,2026-06-12T17:34:51.385141,prediction,-0.016954,0.546000,0.043204,True,-0.012051,0.536572,0.049631,0.004903,0.009428,0.006427,5.42,20,0.016730,0.955495,0.406343,0.022685,0.142243,0.132204,0.000000,0.007847,0.021375,-0.105980,-0.335720,0.358145,-0.040704,0.038400,0.033728
1781260491419173426,2026-06-12T17:34:51.419198,prediction,-0.017273,0.559000,0.040986,True,-0.014149,0.540304,0.046820,0.003124,0.018696,0.005834,4.80,20,0.016465,0.958613,0.401094,0.022685,0.142243,0.132204,0.000000,0.007847,0.021375,-0.105980,-0.335720,0.358145,-0.040704,0.038400,0.033728
1781260491450224479,2026-06-12T17:34:51.450245,prediction,-0.019715,0.550000,0.040671,True,-0.015713,0.549800,0.045736,0.004002,0.000200,0.005065,0.00,20,0.016465,0.958613,0.401094,0.022685,0.142243,0.132204,0.000000,0.007847,0.021375,-0.105980,-0.335720,0.358145,-0.040704,0.038400,0.033728
1781260491489173511,2026-06-12T17:34:51.489204,prediction,-0.019715,0.550000,0.040671,True,-0.015713,0.549800,0.045736,0.004002,0.000200,0.005065,0.00,20,0.016266,0.960441,0.396131,0.022685,0.142243,0.132204,0.000000,0.007847,0.021375,-0.105980,-0.335720,0.358145,-0.040704,0.038400,0.033728
1781260491532212307,2026-06-12T17:34:51.532233,prediction,-0.019829,0.555000,0.038188,True,-0.015713,0.549800,0.045736,0.004116,0.005200,0.007548,0.00,20,0.016305,0.961568,0.392827,0.022685,0.142243,0.132204,0.000000,0.007847,0.021375,-0.105980,-0.335720,0.358145,-0.040704,0.038400,0.033728
1781260491568566587,2026-06-12T17:34:51.568595,prediction,-0.019829,0.555000,0.038188,True,-0.015713,0.549800,0.045736,0.004116,0.005200,0.007548,0.00,20,0.016305,0.961568,0.392827,0.003489,0.179766,0.172785,0.000000,0.007847,0.002609,-0.114380,-0.369740,0.354576,-0.042816,0.040800,0.032224
1781260491605609734,2026-06-12T17:34:51.605627,prediction,-0.022654,0.563000,0.035836,True,-0.015713,0.549800,0.045736,0.006941,0.013200,0.009900,0.00,20,0.016313,0.962709,0.389951,0.003489,0.176277,0.171037,0.000000,0.010898,0.003051,-0.114660,-0.353920,0.352501,-0.042816,0.040704,0.033856
1781260491652668447,2026-06-12T17:34:51.652686,prediction,-0.022569,0.559000,0.033031,True,-0.015713,0.549800,0.045736,0.006856,0.009200,0.012705,0.00,20,0.016313,0.962709,0.389951,0.003489,0.176277,0.171037,0.000000,0.010898,0.003051,-0.114660,-0.353920,0.352501,-0.042816,0.040704,0.033856
1781260491694051563,2026-06-12T17:34:51.694075,prediction,-0.022739,0.567000,0.033350,True,-0.015713,0.549800,0.045736,0.007026,0.017200,0.012386,0.00,20,0.016374,0.963680,0.387746,0.003489,0.176277,0.171037,0.000000,0.010898,0.003051,-0.114660,-0.353920,0.352501,-0.042816,0.040704,0.033856
1781260491732925707,2026-06-12T17:34:51.732944,prediction,-0.022824,0.571000,0.033510,True,-0.015713,0.549800,0.045736,0.007111,0.021200,0.012226,0.00,20,0.016365,0.963658,0.387964,0.001744,0.176277,0.171037,0.000000,0.008289,0.000000,-0.115920,-0.348740,0.348351,-0.042816,0.042464,0.033024
1781260491767908199,2026-06-12T17:34:51.767927,prediction,-0.022654,0.563000,0.033191,True,-0.015713,0.549800,0.045736,0.006941,0.013200,0.012546,0.00,20,0.016365,0.963658,0.387964,0.001744,0.176277,0.171037,0.000000,0.008289,0.000000,-0.115920,-0.348740,0.348351,-0.042816,0.042464,0.033024
1781260491805233544,2026-06-12T17:34:51.805263,prediction,-0.022739,0.567000,0.030712,True,-0.015713,0.549800,0.045736,0.007026,0.017200,0.015024,0.00,20,0.016159,0.964819,0.386059,0.001744,0.176277,0.171037,0.000000,0.008289,0.000000,-0.115920,-0.348740,0.348351,-0.042816,0.042464,0.033024
1781260491840419641,2026-06-12T17:34:51.840439,prediction,-0.025452,0.571000,0.028246,True,-0.015713,0.549800,0.045736,0.009739,0.021200,0.017490,0.00,20,0.016159,0.964819,0.386059,0.001744,0.176277,0.171037,0.000000,0.008289,0.000000,-0.115920,-0.348740,0.348351,-0.042816,0.042464,0.033024
1781260491885454493,2026-06-12T17:34:51.885473,prediction,-0.025452,0.571000,0.025614,True,-0.015713,0.549800,0.045736,0.009739,0.021200,0.020122,0.00,20,0.016548,0.966391,0.385510,0.010029,0.106028,0.087697,0.000000,0.021375,0.008289,0.092960,-0.429940,0.336482,-0.047712,0.042304,-0.026624
1781260491924222358,2026-06-12T17:34:51.924250,prediction,-0.025629,0.580000,0.023400,True,-0.015713,0.549800,0.045736,0.009915,0.030200,0.022336,0.00,20,0.016548,0.966391,0.385510,0.010029,0.106028,0.087697,0.000000,0.021375,0.008289,0.092960,-0.429940,0.336482,-0.047712,0.042304,-0.026624
1781260491960301281,2026-06-12T17:34:51.960326,prediction,-0.028170,0.576000,0.020591,True,-0.015713,0.549800,0.045736,0.012457,0.026200,0.025145,0.00,20,0.015993,0.965979,0.385347,0.010029,0.106028,0.087697,0.000000,0.021375,0.008289,0.092960,-0.429940,0.336482,-0.047712,0.042304,-0.026624
1781260491996055393,2026-06-12T17:34:51.996077,prediction,-0.028242,0.580000,0.018166,True,-0.015713,0.549800,0.045736,0.012529,0.030200,0.027570,0.00,20,0.016485,0.967499,0.384882,0.010029,0.106028,0.087697,0.000000,0.021375,0.008289,0.092960,-0.429940,0.336482,-0.047712,0.042304,-0.026624
1781260492036838634,2026-06-12T17:34:52.036861,prediction,-0.028170,0.576000,0.017967,True,-0.014602,0.548909,0.042201,0.013569,0.027091,0.024234,4.69,20,0.016485,0.967499,0.384882,0.010029,0.106028,0.087697,0.000000,0.021375,0.008289,0.092960,-0.429940,0.336482,-0.047712,0.042304,-0.026624
1781260492087802621,2026-06-12T17:34:52.087823,prediction,-0.028242,0.580000,0.015549,True,-0.015973,0.553746,0.037298,0.012269,0.026254,0.021749,4.91,20,0.016723,0.969863,0.384476,0.006540,0.086825,0.037086,0.000000,0.054101,0.008289,0.080780,-0.445760,0.319633,-0.048256,0.049152,-0.030848
1781260492127530895,2026-06-12T17:34:52.127548,prediction,-0.028242,0.580000,0.015549,True,-0.014549,0.549734,0.034565,0.013693,0.030266,0.019016,5.79,20,0.016623,0.968825,0.384113,0.006540,0.086825,0.037086,0.000000,0.054101,0.008289,0.080780,-0.445760,0.319633,-0.048256,0.049152,-0.030848
1781260492163082692,2026-06-12T17:34:52.163101,prediction,-0.028170,0.576000,0.015343,True,-0.013985,0.549283,0.032736,0.014185,0.026717,0.017393,5.53,20,0.016623,0.968825,0.384113,0.006540,0.086825,0.037086,0.000000,0.054101,0.008289,0.080780,-0.445760,0.319633,-0.048256,0.049152,-0.030848
1781260492203435347,2026-06-12T17:34:52.203462,prediction,-0.028170,0.576000,0.012719,True,-0.013255,0.546012,0.029242,0.014916,0.029988,0.016523,5.22,20,0.016316,0.968861,0.381545,0.003051,0.048865,0.018759,0.000000,0.029665,0.002609,0.089880,-0.480760,0.314819,-0.055040,0.039200,-0.031296
1781260492237893341,2026-06-12T17:34:52.237926,prediction,-0.028242,0.580000,0.012932,True,-0.012568,0.546109,0.028171,0.015674,0.033891,0.015239,5.02,20,0.016316,0.968861,0.381545,0.003489,0.045814,0.020506,0.000000,0.027045,0.002609,0.089180,-0.477680,0.319799,-0.055168,0.038400,-0.030400
1781260492272867888,2026-06-12T17:34:52.272895,prediction,-0.028242,0.580000,0.012932,True,-0.011797,0.546481,0.027433,0.016445,0.033519,0.014502,5.26,20,0.015884,0.968455,0.379354,0.003489,0.045814,0.020506,0.000000,0.027045,0.002609,0.089180,-0.477680,0.319799,-0.055168,0.038400,-0.030400
1781260492315010972,2026-06-12T17:34:52.315031,prediction,-0.028242,0.580000,0.012932,True,-0.028213,0.578400,0.015468,0.000029,0.001600,0.002536,0.00,20,0.015884,0.968455,0.379354,0.003489,0.045814,0.020506,0.000000,0.027045,0.002609,0.089180,-0.477680,0.319799,-0.055168,0.038400,-0.030400
1781260492350042383,2026-06-12T17:34:52.350058,prediction,-0.028242,0.580000,0.010314,True,-0.028213,0.578400,0.015468,0.000029,0.001600,0.005153,0.00,20,0.016876,0.968057,0.376210,0.003489,0.045814,0.020506,0.000000,0.027045,0.002609,0.089180,-0.477680,0.319799,-0.055168,0.038400,-0.030400
1781260492386908050,2026-06-12T17:34:52.386929,prediction,-0.028314,0.584000,0.010533,True,-0.028213,0.578400,0.015468,0.000101,0.005600,0.004935,0.00,20,0.016876,0.968057,0.376210,0.003489,0.040574,0.022246,0.000000,0.018756,0.002609,0.091980,-0.472360,0.324945,-0.055776,0.038848,-0.031296
1781260492425240777,2026-06-12T17:34:52.425267,prediction,-0.028242,0.580000,0.010314,True,-0.028213,0.578400,0.015468,0.000029,0.001600,0.005153,0.00,20,0.018099,0.969903,0.373068,0.003489,0.021378,0.018759,0.000000,0.000000,0.005670,0.084560,-0.463680,0.316230,-0.056064,0.042144,-0.031008
1781260492461421324,2026-06-12T17:34:52.461440,prediction,-0.028314,0.584000,0.010533,True,-0.028213,0.578400,0.015468,0.000101,0.005600,0.004935,0.00,20,0.019154,0.973429,0.370889,0.003489,0.021378,0.018759,0.000000,0.000000,0.005670,0.084560,-0.463680,0.316230,-0.056064,0.042144,-0.031008
1781260492493924159,2026-06-12T17:34:52.493950,prediction,-0.028314,0.584000,0.007923,True,-0.028213,0.578400,0.015468,0.000101,0.005600,0.007545,0.00,20,0.019154,0.973429,0.370889,0.003489,0.021378,0.018759,0.000000,0.000000,0.005670,0.084560,-0.463680,0.316230,-0.056064,0.042144,-0.031008
1781260492547401495,2026-06-12T17:34:52.547426,prediction,-0.028386,0.588000,0.008148,True,-0.028213,0.578400,0.015468,0.000172,0.009600,0.007320,0.00,20,0.020632,0.976785,0.367301,0.003489,0.021378,0.018759,0.000000,0.000000,0.005670,0.084560,-0.463680,0.316230,-0.056064,0.042144,-0.031008
1781260492582329914,2026-06-12T17:34:52.582351,prediction,-0.028386,0.588000,0.008148,True,-0.028213,0.578400,0.015468,0.000172,0.009600,0.007320,0.00,20,0.020632,0.976785,0.367301,0.003489,0.020940,0.020506,0.000000,0.002609,0.005228,0.082740,-0.469560,0.311250,-0.055776,0.043136,-0.031616
1781260492618519687,2026-06-12T17:34:52.618536,prediction,-0.028458,0.592000,0.008373,True,-0.028213,0.578400,0.015468,0.000244,0.013600,0.007094,0.00,20,0.022126,0.980200,0.363684,0.000000,0.029231,0.013086,0.000000,0.016137,0.000000,0.079940,-0.453460,0.313657,-0.055712,0.042592,-0.033344
1781260492655183123,2026-06-12T17:34:52.655198,prediction,-0.028386,0.588000,0.008148,True,-0.028213,0.578400,0.015468,0.000172,0.009600,0.007320,0.00,20,0.022126,0.980200,0.363684,0.000000,0.032720,0.007413,0.000000,0.024426,0.002609,0.072100,-0.460320,0.315732,-0.055712,0.041408,-0.031904
1781260492687764913,2026-06-12T17:34:52.687784,prediction,-0.028530,0.596000,0.008599,True,-0.028213,0.578400,0.015468,0.000316,0.017600,0.006869,0.00,20,0.023841,0.984016,0.360309,0.000000,0.035778,0.005666,0.000000,0.029665,0.000000,0.033040,-0.464940,0.310337,-0.055712,0.040640,-0.026048
1781260492719006670,2026-06-12T17:34:52.719022,prediction,-0.028386,0.588000,0.008148,True,-0.028213,0.578400,0.015468,0.000172,0.009600,0.007320,0.00,20,0.023841,0.984016,0.360309,0.000000,0.035778,0.005666,0.000000,0.029665,0.000000,0.033040,-0.464940,0.310337,-0.055712,0.040640,-0.026048
1781260492751103135,2026-06-12T17:34:52.751122,prediction,-0.028458,0.592000,0.008373,True,-0.028213,0.578400,0.015468,0.000244,0.013600,0.007094,0.00,20,0.025744,0.987978,0.357630,0.000000,0.035778,0.005666,0.000000,0.029665,0.000000,0.033040,-0.464940,0.310337,-0.055712,0.040640,-0.026048
1781260492784861115,2026-06-12T17:34:52.784882,prediction,-0.028601,0.600000,0.008824,True,-0.028213,0.578400,0.015468,0.000388,0.021600,0.006644,0.00,20,0.025744,0.987978,0.357630,0.000000,0.035778,0.005666,0.000000,0.029665,0.000000,0.033040,-0.464940,0.310337,-0.055712,0.040640,-0.026048
1781260492819006584,2026-06-12T17:34:52.819031,prediction,-0.028458,0.592000,0.008373,True,-0.028213,0.578400,0.015468,0.000244,0.013600,0.007094,0.00,20,0.027810,0.992099,0.355699,0.000000,0.035778,0.005666,0.000000,0.029665,0.000000,0.033040,-0.464940,0.310337,-0.055712,0.040640,-0.026048
1781260492860467586,2026-06-12T17:34:52.860484,prediction,-0.028530,0.596000,0.008599,True,-0.028213,0.578400,0.015468,0.000316,0.017600,0.006869,0.00,20,0.029435,0.995293,0.354447,0.000000,0.035778,0.003926,0.000000,0.029665,0.002609,0.003360,-0.461580,0.310918,-0.055712,0.042240,-0.021760
1781260492917823046,2026-06-12T17:34:52.917840,prediction,-0.028530,0.596000,0.011190,True,-0.028213,0.578400,0.015468,0.000316,0.017600,0.004278,0.00,20,0.029435,0.995293,0.354447,0.000000,0.035778,0.003926,0.000000,0.029665,0.002609,0.003360,-0.461580,0.310918,-0.055712,0.042240,-0.021760
1781260492951084918,2026-06-12T17:34:52.951105,prediction,-0.028386,0.588000,0.010752,True,-0.028213,0.578400,0.015468,0.000172,0.009600,0.004716,0.00,20,0.029297,0.998311,0.354554,0.000000,0.035778,0.003926,0.000000,0.029665,0.002609,0.003360,-0.461580,0.310918,-0.055712,0.042240,-0.021760
1781260492989093091,2026-06-12T17:34:52.989112,prediction,-0.028458,0.592000,0.010971,True,-0.028213,0.578400,0.015468,0.000244,0.013600,0.004497,0.00,20,0.029297,0.998311,0.354554,0.014831,0.102970,0.116932,0.000000,0.008289,0.010898,-0.089180,-0.408800,0.359224,-0.059840,-0.033024,0.035008
1781260493023841928,2026-06-12T17:34:53.023859,prediction,-0.028530,0.596000,0.011190,True,-0.028213,0.578400,0.015468,0.000316,0.017600,0.004278,0.00,20,0.029180,0.997452,0.354643,0.014831,0.107772,0.128278,0.000000,0.021807,0.013086,-0.084000,-0.405440,0.344616,-0.059840,-0.039072,0.034784
1781260493058186614,2026-06-12T17:34:53.058205,prediction,-0.028530,0.596000,0.011190,True,-0.028213,0.578400,0.015468,0.000316,0.017600,0.004278,0.00,20,0.029180,0.997452,0.354643,0.013087,0.111261,0.130025,0.000000,0.023995,0.013517,-0.085540,-0.444220,0.341628,-0.059552,-0.038848,0.036192
1781260493092277247,2026-06-12T17:34:53.092302,prediction,-0.028530,0.596000,0.011190,True,-0.028213,0.578400,0.015468,0.000316,0.017600,0.004278,0.00,20,0.029180,0.997456,0.354643,0.013087,0.109517,0.130456,0.000000,0.021375,0.016137,-0.091140,-0.420000,0.352667,-0.059552,-0.040032,0.035456
1781260493127548536,2026-06-12T17:34:53.127564,prediction,-0.028458,0.592000,0.010971,True,-0.028213,0.578400,0.015468,0.000244,0.013600,0.004497,0.00,20,0.029180,0.997456,0.354643,0.013087,0.109517,0.130456,0.000000,0.021375,0.016137,-0.091140,-0.420000,0.352667,-0.059552,-0.040032,0.035456
1781260493164857967,2026-06-12T17:34:53.164880,prediction,-0.028458,0.592000,0.010971,True,-0.028213,0.578400,0.015468,0.000244,0.013600,0.004497,0.00,20,0.029180,0.997456,0.354643,0.013087,0.109517,0.130456,0.000000,0.021375,0.016137,-0.091140,-0.420000,0.352667,-0.059552,-0.040032,0.035456
1781260493211455818,2026-06-12T17:34:53.211482,prediction,-0.028386,0.588000,0.010752,True,-0.028213,0.578400,0.015468,0.000172,0.009600,0.004716,0.00,20,0.029180,0.997456,0.354643,0.013087,0.109517,0.130456,0.000000,0.021375,0.016137,-0.091140,-0.420000,0.352667,-0.059552,-0.040032,0.035456
1781260493251673592,2026-06-12T17:34:53.251692,prediction,-0.028386,0.588000,0.010752,True,-0.028213,0.578400,0.015468,0.000172,0.009600,0.004716,0.00,20,0.029180,0.997456,0.354643,0.013087,0.111261,0.130025,0.000000,0.021807,0.016137,-0.103740,-0.459620,0.347521,-0.060160,-0.040192,0.034688
1781260493293123534,2026-06-12T17:34:53.293139,prediction,-0.031052,0.592000,0.013568,True,-0.028213,0.578400,0.015468,0.002838,0.013600,0.001899,0.00,20,0.029180,0.997456,0.354643,0.009598,0.080279,0.130025,0.000000,0.048863,0.010898,-0.114380,-0.467040,0.352833,-0.061792,-0.043360,0.035008
1781260493326320566,2026-06-12T17:34:53.326340,prediction,-0.031052,0.592000,0.013568,True,-0.028213,0.578400,0.015468,0.002838,0.013600,0.001899,0.00,20,0.029180,0.997456,0.354643,0.011780,0.078534,0.126099,0.000000,0.048432,0.013517,-0.115920,-0.497140,0.358311,-0.061792,-0.042080,0.033632
1781260493367091040,2026-06-12T17:34:53.367112,prediction,-0.031052,0.592000,0.013568,True,-0.028213,0.578400,0.015468,0.002838,0.013600,0.001899,0.00,20,0.029180,0.997456,0.354643,0.011780,0.078534,0.126099,0.000000,0.048432,0.013517,-0.115920,-0.497140,0.358311,-0.061792,-0.042080,0.033632
1781260493399967338,2026-06-12T17:34:53.399982,prediction,-0.031052,0.592000,0.013568,True,-0.028213,0.578400,0.015468,0.002838,0.013600,0.001899,0.00,20,0.029180,0.997456,0.354643,0.011780,0.078534,0.126099,0.000000,0.048432,0.013517,-0.115920,-0.497140,0.358311,-0.061792,-0.042080,0.033632
1781260493437153539,2026-06-12T17:34:53.437171,prediction,-0.030986,0.588000,0.013356,True,-0.028213,0.578400,0.015468,0.002773,0.009600,0.002112,0.00,20,0.029180,0.997456,0.354643,0.011780,0.078534,0.126099,0.000000,0.048432,0.013517,-0.115920,-0.497140,0.358311,-0.061792,-0.042080,0.033632
1781260493472837676,2026-06-12T17:34:53.472855,prediction,-0.030986,0.588000,0.013356,True,-0.028213,0.578400,0.015468,0.002773,0.009600,0.002112,0.00,20,0.029180,0.997456,0.354643,0.000000,0.014831,0.033592,0.000000,0.018756,0.000000,-0.079660,-0.512960,0.305191,-0.059328,-0.034016,0.020480
1781260493515517473,2026-06-12T17:34:53.515541,prediction,-0.033587,0.588000,0.013356,True,-0.028213,0.578400,0.015468,0.005373,0.009600,0.002112,0.00,20,0.029180,0.997456,0.354643,0.000000,0.007853,0.020506,0.000000,0.010898,0.000000,-0.038080,-0.516040,0.303282,-0.058560,-0.034016,0.004864
1781260493557043918,2026-06-12T17:34:53.557063,prediction,-0.033587,0.588000,0.013356,True,-0.028213,0.578400,0.015468,0.005373,0.009600,0.002112,0.00,20,0.029180,0.997456,0.354643,0.000000,0.007853,0.020506,0.000000,0.010898,0.000000,-0.038080,-0.516040,0.303282,-0.058560,-0.034016,0.004864
1781260493599886249,2026-06-12T17:34:53.599906,prediction,-0.033587,0.588000,0.015960,True,-0.028213,0.578400,0.015468,0.005373,0.009600,0.000492,0.00,20,0.029180,0.997456,0.354643,0.000000,0.007853,0.020506,0.000000,0.010898,0.000000,-0.038080,-0.516040,0.303282,-0.058560,-0.034016,0.004864
1781260493648380302,2026-06-12T17:34:53.648403,prediction,-0.033528,0.584000,0.015754,True,-0.028213,0.578400,0.015468,0.005315,0.005600,0.000287,0.00,20,0.029180,0.997456,0.354643,0.000000,0.006540,0.014833,0.000000,0.010467,0.000000,-0.026600,-0.518000,0.302784,-0.058272,-0.033792,-0.001120
1781260493687542585,2026-06-12T17:34:53.687561,prediction,-0.033587,0.588000,0.015960,True,-0.028213,0.578400,0.015468,0.005373,0.009600,0.000492,0.00,20,0.029180,0.997456,0.354643,0.001744,0.000000,0.000000,0.000000,0.000000,0.000000,0.067200,-0.527800,0.289587,-0.056384,-0.030848,-0.021152
1781260493729249869,2026-06-12T17:34:53.729265,prediction,-0.033528,0.584000,0.015754,True,-0.028213,0.578400,0.015468,0.005315,0.005600,0.000287,0.00,20,0.029180,0.997456,0.354643,0.000000,0.000000,0.000000,0.000000,0.000000,0.000000,0.074340,-0.534940,0.280955,-0.055840,-0.028160,-0.019712
1781260493763080187,2026-06-12T17:34:53.763100,prediction,-0.033528,0.584000,0.015754,True,-0.028213,0.578400,0.015468,0.005315,0.005600,0.000287,0.00,20,0.029180,0.997456,0.354643,0.001744,0.000000,0.000000,0.000000,0.000000,0.000000,0.077140,-0.544320,0.272240,-0.055264,-0.026336,-0.020096
1781260493814704051,2026-06-12T17:34:53.814725,prediction,-0.033469,0.580000,0.015549,True,-0.028213,0.578400,0.015468,0.005256,0.001600,0.000081,0.00,20,0.029180,0.997456,0.354643,0.000000,0.000000,0.000000,0.000000,0.000000,0.000000,0.077140,-0.549920,0.264604,-0.054784,-0.025120,-0.019200
1781260493858030323,2026-06-12T17:34:53.858044,prediction,-0.033587,0.588000,0.015960,True,-0.028213,0.578400,0.015468,0.005373,0.009600,0.000492,0.00,20,0.029180,0.997456,0.354643,0.000000,0.000000,0.000000,0.000000,0.002609,0.000000,0.076440,-0.560140,0.256885,-0.053888,-0.023040,-0.018944
1781260493894941369,2026-06-12T17:34:53.894954,prediction,-0.033528,0.584000,0.015754,True,-0.028213,0.578400,0.015468,0.005315,0.005600,0.000287,0.00,20,0.029180,0.997456,0.354643,0.000000,0.000000,0.000000,0.000000,0.002609,0.000000,0.076440,-0.560140,0.256885,-0.053888,-0.023040,-0.018944
1781260493933445930,2026-06-12T17:34:53.933460,prediction,-0.033411,0.576000,0.015343,True,-0.028213,0.578400,0.015468,0.005197,0.002400,0.000125,0.00,20,0.029180,0.997456,0.354643,0.000000,0.000000,0.000000,0.000000,0.002609,0.000000,0.076440,-0.560140,0.256885,-0.053888,-0.023040,-0.018944
1781260493988226641,2026-06-12T17:34:53.988251,prediction,-0.033528,0.584000,0.015754,True,-0.028213,0.578400,0.015468,0.005315,0.005600,0.000287,0.00,20,0.029180,0.997456,0.354643,0.000000,0.000000,0.000000,0.000000,0.000000,0.000000,0.077140,-0.562940,0.254312,-0.054048,-0.021664,-0.016768
1781260494027980709,2026-06-12T17:34:54.027997,prediction,-0.033587,0.588000,0.015960,True,-0.028213,0.578400,0.015468,0.005373,0.009600,0.000492,0.00,20,0.029180,0.997456,0.354643,0.000000,0.000000,0.000000,0.000000,0.000000,0.000000,0.074340,-0.590800,0.232815,-0.052384,-0.016928,-0.013920
1781260494073087908,2026-06-12T17:34:54.073105,prediction,-0.033646,0.592000,0.016166,True,-0.028213,0.578400,0.015468,0.005432,0.013600,0.000698,0.00,20,0.029180,0.997456,0.354643,0.000000,0.000000,0.000000,0.000000,0.000000,0.000000,0.074060,-0.600460,0.226673,-0.051776,-0.017312,-0.014368
1781260494109536861,2026-06-12T17:34:54.109555,prediction,-0.033528,0.584000,0.015754,True,-0.028213,0.578400,0.015468,0.005315,0.005600,0.000287,0.00,20,0.029180,0.997456,0.354643,0.000000,0.000000,0.000000,0.000000,0.000000,0.000000,0.071540,-0.606900,0.220946,-0.051328,-0.014208,-0.011360
1781260494141821270,2026-06-12T17:34:54.141839,prediction,-0.033528,0.584000,0.015754,True,-0.028213,0.578400,0.015468,0.005315,0.005600,0.000287,0.00,20,0.029180,0.997456,0.354643,0.000000,0.000000,0.000000,0.000000,0.000000,0.000000,0.071540,-0.606900,0.220946,-0.051328,-0.014208,-0.011360
1781260494177416587,2026-06-12T17:34:54.177434,prediction,-0.033528,0.584000,0.015754,True,-0.028213,0.578400,0.015468,0.005315,0.005600,0.000287,0.00,20,0.029180,0.997456,0.354643,0.000000,0.000000,0.000000,0.000000,0.000000,0.000000,0.071540,-0.606900,0.220946,-0.051328,-0.014208,-0.011360
1781260494232442199,2026-06-12T17:34:54.232461,prediction,-0.033528,0.584000,0.015754,True,-0.028213,0.578400,0.015468,0.005315,0.005600,0.000287,0.00,20,0.029180,0.997456,0.354643,0.000000,0.000000,0.000000,0.000000,0.000000,0.000000,0.071540,-0.606900,0.220946,-0.051328,-0.014208,-0.011360
1781260494270548265,2026-06-12T17:34:54.270571,prediction,-0.033469,0.580000,0.015549,True,-0.028213,0.578400,0.015468,0.005256,0.001600,0.000081,0.00,20,0.029180,0.997456,0.354643,0.000000,0.000000,0.000000,0.000000,0.000000,0.000000,0.070980,-0.608440,0.220780,-0.051200,-0.014880,-0.012640
1781260494307596730,2026-06-12T17:34:54.307622,prediction,-0.033587,0.588000,0.015960,True,-0.028213,0.578400,0.015468,0.005373,0.009600,0.000492,0.00,20,0.029180,0.997456,0.354643,0.000000,0.000000,0.000000,0.000000,0.000000,0.000000,0.070980,-0.608440,0.220780,-0.051200,-0.014880,-0.012640
1781260494344022066,2026-06-12T17:34:54.344048,prediction,-0.033528,0.584000,0.015754,True,-0.028213,0.578400,0.015468,0.005315,0.005600,0.000287,0.00,20,0.029180,0.997456,0.354643,0.000000,0.000000,0.000000,0.000000,0.000000,0.000000,0.070980,-0.608440,0.220780,-0.051200,-0.014880,-0.012640
1781260494396934646,2026-06-12T17:34:54.396954,prediction,-0.033587,0.588000,0.015960,True,-0.028213,0.578400,0.015468,0.005373,0.009600,0.000492,0.00,20,0.029180,0.997456,0.354643,0.000000,0.000000,0.000000,0.000000,0.000000,0.000000,0.070980,-0.608440,0.220780,-0.051200,-0.014880,-0.012640
1781260494446598509,2026-06-12T17:34:54.446619,prediction,-0.033528,0.584000,0.015754,True,-0.028213,0.578400,0.015468,0.005315,0.005600,0.000287,0.00,20,0.029180,0.997456,0.354643,0.000000,0.000000,0.000000,0.000000,0.000000,0.000000,0.070980,-0.608440,0.220780,-0.051200,-0.014880,-0.012640
1781260494478993404,2026-06-12T17:34:54.479011,prediction,-0.033528,0.584000,0.015754,True,-0.028213,0.578400,0.015468,0.005315,0.005600,0.000287,0.00,20,0.029180,0.997456,0.354643,0.000000,0.000000,0.000000,0.000000,0.000000,0.000000,0.068460,-0.630140,0.208745,-0.049376,-0.013152,-0.010464
1781260494516551275,2026-06-12T17:34:54.516578,prediction,-0.033528,0.584000,0.015754,True,-0.028213,0.578400,0.015468,0.005315,0.005600,0.000287,0.00,20,0.029180,0.997456,0.354643,0.000000,0.000000,0.000000,0.000000,0.000000,0.000000,0.056980,-0.663320,0.198121,-0.047264,-0.011200,-0.007584
1781260494553426051,2026-06-12T17:34:54.553454,prediction,-0.033528,0.584000,0.015754,True,-0.028213,0.578400,0.015468,0.005315,0.005600,0.000287,0.00,20,0.029180,0.997456,0.354643,0.000000,0.000000,0.000000,0.000000,0.000000,0.000000,0.056980,-0.663320,0.198121,-0.047264,-0.011200,-0.007584
1781260494586884967,2026-06-12T17:34:54.586919,prediction,-0.033587,0.588000,0.015960,True,-0.028213,0.578400,0.015468,0.005373,0.009600,0.000492,0.00,20,0.029180,0.997456,0.354643,0.000000,0.000000,0.000000,0.000000,0.000000,0.000000,0.056980,-0.663320,0.198121,-0.047264,-0.011200,-0.007584
1781260494625859461,2026-06-12T17:34:54.625879,prediction,-0.033469,0.580000,0.015549,True,-0.028213,0.578400,0.015468,0.005256,0.001600,0.000081,0.00,20,0.029180,0.997456,0.354643,0.000000,0.000000,0.000000,0.000000,0.000000,0.000000,0.056980,-0.663320,0.198121,-0.047264,-0.011200,-0.007584
1781260494667496670,2026-06-12T17:34:54.667518,prediction,-0.033587,0.588000,0.015960,True,-0.028213,0.578400,0.015468,0.005373,0.009600,0.000492,0.00,20,0.029180,0.997456,0.354643,0.000000,0.000000,0.000000,0.000000,0.000000,0.002609,0.050820,-0.677600,0.192975,-0.046368,-0.011872,-0.007584
1781260494705593469,2026-06-12T17:34:54.705608,prediction,-0.033469,0.580000,0.015549,True,-0.028213,0.578400,0.015468,0.005256,0.001600,0.000081,0.00,20,0.029180,0.997456,0.354643,0.000000,0.000000,0.000000,0.000000,0.000000,0.002609,0.048300,-0.682920,0.192975,-0.046080,-0.012192,-0.007744
1781260494739641642,2026-06-12T17:34:54.739669,prediction,-0.033528,0.584000,0.015754,True,-0.028213,0.578400,0.015468,0.005315,0.005600,0.000287,0.00,20,0.029180,0.997456,0.354643,0.000000,0.000000,0.000000,0.000000,0.000000,0.002609,0.047320,-0.682500,0.191564,-0.045920,-0.011424,-0.006912
1781260494773438684,2026-06-12T17:34:54.773454,prediction,-0.033411,0.576000,0.015343,True,-0.028213,0.578400,0.015468,0.005197,0.002400,0.000125,0.00,20,0.029180,0.997456,0.354643,0.000000,0.000000,0.000000,0.000000,0.000000,0.002609,0.047320,-0.682500,0.191564,-0.045920,-0.011424,-0.006912
1781260494805724748,2026-06-12T17:34:54.805745,prediction,-0.033528,0.584000,0.015754,True,-0.028213,0.578400,0.015468,0.005315,0.005600,0.000287,0.00,20,0.029180,0.997456,0.354643,0.000000,0.000000,0.000000,0.000000,0.000000,0.002609,0.047320,-0.682500,0.191564,-0.045920,-0.011424,-0.006912
1781260494839120082,2026-06-12T17:34:54.839134,prediction,-0.033411,0.576000,0.015343,True,-0.028213,0.578400,0.015468,0.005197,0.002400,0.000125,0.00,20,0.029180,0.997456,0.354643,0.000000,0.000000,0.000000,0.000000,0.000000,0.002609,0.048300,-0.683480,0.192975,-0.045824,-0.012640,-0.007808
1781260494875401638,2026-06-12T17:34:54.875415,prediction,-0.033528,0.584000,0.015754,True,-0.028213,0.578400,0.015468,0.005315,0.005600,0.000287,0.00,20,0.029180,0.997456,0.354643,0.000000,0.000000,0.000000,0.000000,0.002609,0.000000,0.039060,-0.694400,0.192062,-0.045024,-0.010464,-0.005792
1781260494922157809,2026-06-12T17:34:54.922184,prediction,-0.033528,0.584000,0.018365,True,-0.028213,0.578400,0.015468,0.005315,0.005600,0.002897,0.00,20,0.029180,0.997456,0.354643,0.000000,0.000000,0.000000,0.000000,0.002609,0.000000,0.039060,-0.695940,0.192643,-0.044704,-0.012032,-0.006848
1781260494954808976,2026-06-12T17:34:54.954850,prediction,-0.033411,0.576000,0.015343,True,-0.028213,0.578400,0.015468,0.005197,0.002400,0.000125,0.00,20,0.029180,0.997456,0.354643,0.000000,0.000000,0.000000,0.000000,0.002609,0.000000,0.036540,-0.697060,0.192062,-0.044544,-0.012480,-0.006304
1781260494995611270,2026-06-12T17:34:54.995630,prediction,-0.033469,0.580000,0.018166,True,-0.028213,0.578400,0.015468,0.005256,0.001600,0.002698,0.00,20,0.029180,0.997456,0.354643,0.000000,0.000000,0.000000,0.000000,0.002609,0.000000,0.035840,-0.699580,0.192062,-0.044544,-0.009856,-0.005024
1781260495044972294,2026-06-12T17:34:55.044987,prediction,-0.033528,0.584000,0.015754,True,-0.028213,0.578400,0.015468,0.005315,0.005600,0.000287,0.00,20,0.029180,0.997456,0.354643,0.000000,0.000000,0.000000,0.000000,0.002609,0.000000,0.035840,-0.699580,0.192062,-0.044544,-0.009856,-0.005024
1781260495104439360,2026-06-12T17:34:55.104456,prediction,-0.033528,0.584000,0.015754,True,-0.028213,0.578400,0.015468,0.005315,0.005600,0.000287,0.00,20,0.029180,0.997456,0.354643,0.000000,0.000000,0.000000,0.000000,0.002609,0.000000,0.035840,-0.699580,0.192062,-0.044544,-0.009856,-0.005024
1781260495159719818,2026-06-12T17:34:55.159739,prediction,-0.033587,0.588000,0.015960,True,-0.028213,0.578400,0.015468,0.005373,0.009600,0.000492,0.00,20,0.029180,0.997456,0.354643,0.000000,0.000000,0.000000,0.000000,0.002609,0.000000,0.026600,-0.706440,0.192975,-0.043808,-0.009856,-0.004288
1781260495199913252,2026-06-12T17:34:55.199936,prediction,-0.033528,0.584000,0.015754,True,-0.028213,0.578400,0.015468,0.005315,0.005600,0.000287,0.00,20,0.029180,0.997456,0.354643,0.000000,0.000000,0.000000,0.000000,0.000000,0.000000,0.026600,-0.704620,0.192975,-0.043808,-0.010752,-0.005184
1781260495235663957,2026-06-12T17:34:55.235685,prediction,-0.033528,0.584000,0.015754,True,-0.028213,0.578400,0.015468,0.005315,0.005600,0.000287,0.00,20,0.029180,0.997456,0.354643,0.000000,0.000000,0.000000,0.000000,0.000000,0.000000,0.026600,-0.704620,0.192975,-0.043808,-0.010752,-0.005184
1781260495274805597,2026-06-12T17:34:55.274827,prediction,-0.033469,0.580000,0.015549,True,-0.028213,0.578400,0.015468,0.005256,0.001600,0.000081,0.00,20,0.029180,0.997456,0.354643,0.000000,0.000000,0.000000,0.000000,0.000000,0.000000,0.026600,-0.704620,0.192975,-0.043808,-0.010752,-0.005184
1781260495321100338,2026-06-12T17:34:55.321123,prediction,-0.033646,0.592000,0.016166,True,-0.028213,0.578400,0.015468,0.005432,0.013600,0.000698,0.00,20,0.029180,0.997456,0.354643,0.000000,0.000000,0.000000,0.000000,0.000000,0.000000,0.025340,-0.705180,0.192975,-0.043520,-0.010976,-0.004864
1781260495367660588,2026-06-12T17:34:55.367686,prediction,-0.033469,0.580000,0.018166,True,-0.028213,0.578400,0.015468,0.005256,0.001600,0.002698,0.00,20,0.029180,0.997456,0.354643,0.000000,0.000000,0.000000,0.000000,0.002609,0.000000,0.019740,-0.708260,0.194635,-0.043520,-0.012320,-0.006016
1781260495417832688,2026-06-12T17:34:55.417853,prediction,-0.033469,0.580000,0.018166,True,-0.028213,0.578400,0.015468,0.005256,0.001600,0.002698,0.00,20,0.029180,0.997456,0.354643,0.000000,0.000000,0.000000,0.000000,0.002609,0.000000,0.016380,-0.707980,0.194635,-0.043520,-0.011136,-0.004960
1781260495494572792,2026-06-12T17:34:55.494600,prediction,-0.033469,0.580000,0.015549,True,-0.028213,0.578400,0.015468,0.005256,0.001600,0.000081,0.00,20,0.029180,0.997456,0.354643,0.000000,0.000000,0.000000,0.000000,0.000000,0.000000,0.016100,-0.708540,0.194635,-0.043520,-0.011584,-0.004864
1781260495590467707,2026-06-12T17:34:55.590493,prediction,-0.033587,0.588000,0.015960,True,-0.028213,0.578400,0.015468,0.005373,0.009600,0.000492,0.00,20,0.029180,0.997456,0.354643,0.000000,0.000000,0.000000,0.000000,0.002609,0.000000,0.013860,-0.707700,0.194635,-0.043520,-0.009984,-0.003840
1781260495656769394,2026-06-12T17:34:55.656795,prediction,-0.033469,0.580000,0.015549,True,-0.028213,0.578400,0.015468,0.005256,0.001600,0.000081,0.00,20,0.029180,0.997456,0.354643,0.000000,0.000000,0.000000,0.000000,0.002609,0.000000,0.008960,-0.709240,0.195880,-0.043648,-0.010080,-0.004416


============================================================
EXPERIMENT METRICS
  File: experiment_GRU_20260612_173444.csv
  Total samples: 255
  Task completion time: 11.48 s
  --- Prediction Accuracy (over 255 samples) ---
  Avg Inference Time: 4.21 ms
  Mean Squared Error (MSE): 0.001703 m²
  Mean Absolute Error (MAE - 3D): 0.0330 m
      MAE X: 0.0107 m
      MAE Y: 0.0286 m
      MAE Z: 0.0080 m
  --- Trajectory Smoothness (Robot EE) ---
  Mean Jerk (3D): 30.8421 m/s³
      Jerk X: 6.9900 m/s³
      Jerk Y: 27.2719 m/s³
      Jerk Z: 9.0322 m/s³
  Max Jerk (3D): 125.0168 m/s³
  RMS Jerk (3D): 41.5802 m/s³
============================================================
